Name,Participant,Q1a,Q1b,Q2a,Q2b,Q2c,Q2d,Q2e,Q2f,Q2g,Q2h,Q2i,Q2j,Q3a,Q3b,Q4a,Q4b,Q4c,Q5a,Q5b,Q6a,Q6b
P3_D0_G1_M6_R1_T1,G1,2,7,2,7,7,7,7,7,7,7,7,1,7,7,,,,,,,
P3_D6_G1_M6_R1_T1,G1,2,7,4,6,7,6,6,7,7,7,6,1,7,7,,,,,,,
P3_D5_G1_M6_R1_T1,G1,2,7,4,6,7,6,5,5,7,7,7,5,6,6,,,,,,,
P3_D1_G1_M6_R1_T1,G1,3,7,4,7,7,7,7,7,7,7,7,1,7,7,,,,,,,
P3_D5_G1_M5_R1_T1,G1,7,6,7,6,7,7,7,7,5,1,2,1,7,7,,,,,,,
P3_D1_G1_M1_R1_T1,G1,7,6,6,6,7,6,7,7,6,2,2,1,7,7,,,,,,,
P3_D6_G1_M6_R2_T1,G1,2,6,2,6,6,6,6,6,6,7,6,6,6,6,,,,,,,
P3_D5_G1_M6_R2_T1,G1,2,4,2,5,5,5,5,5,5,7,6,4,5,5,,,,,,,
P3_D1_G1_M6_R2_T1,G1,2,6,2,6,6,7,6,6,7,7,7,1,7,7,,,,,,,
P3_D5_G1_M5_R2_T1,G1,7,7,7,7,7,7,7,7,7,1,6,1,7,7,,,,,,,
P3_D1_G1_M1_R2_T1,G1,7,7,7,6,7,7,7,7,6,1,1,1,7,7,,,,,,,
P3_D0_G1_M6_R2_T1,G1,1,1,1,5,6,4,4,5,5,7,5,4,5,5,,,,,,,
P4_D0_G2_M6_R1_T1,G2,2,4,4,6,6,7,7,4,6,7,7,6,6,6,,,,,,,
P4_D6_G2_M6_R1_T1,G2,2,4,4,6,6,7,7,6,7,7,7,5,6,7,,,,,,,
P4_D5_G2_M6_R1_T1,G2,2,4,5,6,6,7,7,6,6,7,7,6,6,7,,,,,,,
P4_D1_G2_M6_R1_T1,G2,2,4,4,6,7,6,7,7,7,7,6,5,6,7,,,,,,,
P4_D5_G2_M5_R1_T1,G2,6,6,7,6,7,7,7,7,6,6,5,6,7,7,,,,,,,
P4_D1_G2_M1_R1_T1,G2,7,6,6,6,7,7,7,7,6,5,5,6,6,7,,,,,,,
P4_D6_G2_M6_R2_T1,G2,2,4,4,6,7,7,7,7,6,7,6,6,4,3,,,,,,,
P4_D5_G2_M6_R2_T1,G2,2,2,4,7,7,7,7,7,7,7,6,6,5,5,,,,,,,
P4_D1_G2_M6_R2_T1,G2,2,2,4,7,7,7,7,7,5,5,5,6,5,4,,,,,,,
P4_D5_G2_M5_R2_T1,G2,4,5,5,6,7,7,7,7,7,4,4,6,4,5,,,,,,,
P4_D1_G2_M1_R2_T1,G2,7,6,4,6,7,6,6,5,6,6,4,3,4,5,,,,,,,
P4_D0_G2_M6_R2_T1,G2,1,2,4,6,6,7,7,5,7,7,7,6,4,4,,,,,,,
W_P5_D6_G3_M6_R1_T1,G3,1,1,4,6,6,6,6,6,5,6,6,2,5,4,6,6,,,,,
P5_D0_G3_M6_R1_T1,G3,1,1,6,6,6,6,6,6,6,7,7,2,5,5,,,,,,,
P5_D6_G3_M6_R1_T1,G3,2,2,6,5,6,4,4,5,5,5,5,5,4,6,5,5,,,,,
P5_D5_G3_M6_R1_T1,G3,1,1,6,6,6,6,6,6,5,6,6,3,5,5,7,7,,,,,
P5_D1_G3_M6_R1_T1,G3,1,1,6,6,7,6,6,7,7,7,6,2,5,6,7,7,,,,,
P5_D5_G3_M5_R1_T1,G3,4,5,6,7,7,7,6,7,6,6,6,1,6,6,7,7,,,,,
P5_D1_G3_M1_R1_T1,G3,7,6,7,7,7,7,7,7,7,6,6,1,7,7,7,7,,,,,
W_P5_D6_G3_M6_R2_T1,G3,1,1,5,6,6,6,6,7,5,5,4,1,7,6,6,6,,,,,
P5_D0_G3_M6_R2_T1,G3,1,1,4,6,6,6,6,7,7,7,7,1,5,5,,,,,,,
P5_D6_G3_M6_R2_T1,G3,1,1,6,6,6,6,6,6,6,6,6,2,5,7,6,6,,,,,
P5_D5_G3_M6_R2_T1,G3,2,6,7,6,7,6,6,7,7,5,5,1,6,7,7,7,,,,,
P5_D1_G3_M6_R2_T1,G3,2,5,6,6,7,6,6,7,6,5,5,1,6,6,7,7,,,,,
P5_D5_G3_M5_R2_T1,G3,6,3,3,4,7,3,3,6,2,2,2,1,5,6,7,2,,,,,
P5_D1_G3_M1_R2_T1,G3,7,5,7,6,7,6,6,7,5,4,4,1,6,7,7,5,,,,,
P3_D6_G1_M6_R1_T1,P3,2,2,4,5,6,4,6,5,6,6,6,6,6,5,,,,,,,
P3_D5_G1_M6_R1_T1,P3,4,2,4,2,4,3,4,5,4,2,4,6,3,4,,,,,,,
P3_D1_G1_M6_R1_T1,P3,7,4,6,6,7,5,6,6,5,3,6,6,7,5,,,,,,,
P3_D5_G1_M5_R1_T1,P3,6,5,6,4,7,7,6,7,6,3,3,7,5,6,,,,,,,
P3_D1_G1_M1_R1_T1,P3,7,6,7,5,7,6,6,7,7,3,3,7,5,7,,,,,,,
P3_D6_G1_M6_R2_T1,P3,2,4,4,5,7,7,6,7,6,6,7,7,6,5,,,,,,,
P3_D5_G1_M6_R2_T1,P3,4,4,4,6,7,7,6,7,6,4,6,7,5,6,,,,,,,
P3_D1_G1_M6_R2_T1,P3,7,4,7,4,7,5,7,7,4,3,3,7,5,5,,,,,,,
P3_D5_G1_M5_R2_T1,P3,6,6,7,7,7,7,7,7,6,2,3,7,7,7,,,,,,,
P3_D1_G1_M1_R2_T1,P3,7,4,7,4,7,5,7,7,4,3,3,7,5,5,,,,,,,
P4_D6_G2_M6_R1_T1,P4,2,1,1,7,1,1,7,1,7,7,7,1,2,2,,,,,,,
P4_D5_G2_M6_R1_T1,P4,5,3,4,5,1,2,2,5,4,5,4,4,3,4,,,,,,,
P4_D1_G2_M6_R1_T1,P4,7,2,6,4,6,4,4,4,4,3,2,4,2,2,,,,,,,
P4_D5_G2_M5_R1_T1,P4,6,5,6,6,1,6,6,6,6,5,3,4,4,5,,,,,,,
P4_D1_G2_M1_R1_T1,P4,7,6,7,6,7,1,6,7,6,6,1,3,7,6,,,,,,,
P4_D6_G2_M6_R2_T1,P4,1,1,1,7,1,1,7,7,7,7,7,1,1,1,,,,,,,
P4_D5_G2_M6_R2_T1,P4,4,1,7,1,7,4,2,4,2,2,1,4,1,1,,,,,,,
P4_D1_G2_M6_R2_T1,P4,7,1,7,1,4,7,1,2,1,2,1,2,1,1,,,,,,,
P4_D5_G2_M5_R2_T1,P4,6,4,6,5,6,4,4,5,5,4,2,2,4,3,,,,,,,
P4_D1_G2_M1_R2_T1,P4,7,4,5,5,4,4,4,4,4,4,3,3,3,3,,,,,,,
W_P5_D6_G3_M6_R1_T1,P5,1,1,7,7,7,7,7,7,7,7,6,1,7,5,7,7,,,,,
P5_D6_G3_M6_R1_T1,P5,2,6,7,6,6,1,6,6,6,6,4,1,4,4,4,4,,,,,
P5_D5_G3_M6_R1_T1,P5,5,5,4,4,5,4,4,4,4,3,4,3,4,3,5,5,,,,,
P5_D1_G3_M6_R1_T1,P5,6,6,6,6,7,6,7,7,6,6,6,1,6,7,7,7,,,,,
P5_D5_G3_M5_R1_T1,P5,6,6,6,6,7,7,6,7,6,6,6,1,6,6,7,7,,,,,
P5_D1_G3_M1_R1_T1,P5,7,7,7,7,7,7,7,7,7,4,4,1,7,6,7,7,,,,,
W_P5_D6_G3_M6_R2_T1,P5,2,6,6,7,7,7,7,7,6,7,6,1,6,6,7,7,,,,,
P5_D6_G3_M6_R2_T1,P5,2,5,6,6,6,6,6,6,6,6,4,2,5,5,7,7,,,,,
P5_D5_G3_M6_R2_T1,P5,5,6,7,7,7,7,7,7,6,6,6,1,5,6,7,7,,,,,
P5_D1_G3_M6_R2_T1,P5,7,6,4,6,7,7,7,7,6,6,6,1,6,6,7,7,,,,,
P5_D5_G3_M5_R2_T1,P5,5,4,6,6,6,6,6,6,5,4,4,3,5,5,4,4,,,,,
P5_D1_G3_M1_R2_T1,P5,7,6,4,6,7,7,7,6,6,6,4,1,6,6,7,7,,,,,
W_P6_D6_G1_M6_R1_T1,P6,2,6,7,7,1,1,7,7,4,7,7,1,7,7,7,7,,,,,
P6_D6_G1_M6_R1_T1,P6,3,6,4,5,6,3,5,6,4,6,7,1,5,5,7,7,,,,,
P6_D5_G1_M6_R1_T1,P6,5,6,4,6,7,6,6,6,5,4,6,1,6,6,7,7,,,,,
P6_D1_G1_M6_R1_T1,P6,7,5,7,6,6,7,6,7,6,2,6,1,6,6,7,7,,,,,
P6_D5_G1_M5_R1_T1,P6,7,6,7,6,7,7,6,7,6,2,7,1,6,6,7,7,,,,,
P6_D1_G1_M1_R1_T1,P6,7,6,7,6,6,7,6,6,6,5,7,1,5,5,7,7,,,,,
W_P6_G1_D6_M6_R2_T1,P6,7,4,7,5,3,2,5,6,4,4,6,1,4,4,7,7,,,,,
P6_D6_G1_M6_R2_T1,P6,5,5,6,5,5,5,6,6,4,4,5,1,5,6,7,7,,,,,
P6_D5_G1_M6_R2_T1,P6,7,6,6,6,7,7,2,6,6,4,6,1,6,6,7,7,,,,,
P6_D1_G1_M6_R2_T1,P6,7,5,7,6,7,6,5,6,6,2,6,1,6,6,7,7,,,,,
P6_D1_G1_M1_R2_T1,P6,7,6,7,6,7,7,2,7,7,3,6,1,6,6,7,7,,,,,
W_P6_D6_G1_M6_R1_T1,G1,2,2,2,6,5,7,7,7,7,7,7,1,7,7,7,7,,,,,
P6_D0_G1_M6_R1_T1,G1,2,4,2,7,5,7,7,7,7,6,6,1,7,7,,,,,,,
P6_D6_G1_M6_R1_T1,G1,2,4,2,7,5,7,7,7,7,6,6,1,7,7,7,7,,,,,
P6_D5_G1_M6_R1_T1,G1,4,4,4,5,4,5,4,6,5,4,4,2,5,5,5,5,,,,,
P6_D1_G1_M6_R1_T1,G1,3,4,3,7,4,7,7,7,7,5,6,1,7,7,7,7,,,,,
P6_D5_G1_M5_R1_T1,G1,6,6,4,4,4,6,6,7,6,2,5,1,6,6,7,7,,,,,
P6_D1_G1_M1_R1_T1,G1,7,7,7,7,6,7,7,7,7,2,7,1,7,7,7,7,,,,,
W_P6_G1_D6_M6_R2_T1,G1,2,2,2,6,4,6,6,6,6,5,6,2,5,5,6,6,,,,,
P6_D0_G1_M6_R2_T1,G1,1,1,1,7,6,7,7,7,7,7,7,1,7,7,,,,,,,
P6_D6_G1_M6_R2_T1,G1,2,2,2,6,4,2,6,6,6,5,5,1,6,5,6,6,,,,,
P6_D5_G1_M6_R2_T1,G1,3,3,3,5,4,3,5,5,5,3,5,5,4,4,5,5,,,,,
P6_D1_G1_M6_R2_T1,G1,2,2,2,6,5,6,6,6,6,5,6,2,6,5,6,6,,,,,
P6_D1_G1_M1_R2_T1,G1,7,7,2,6,5,7,7,7,7,3,6,1,7,7,7,7,,,,,
W_P7_D6_G1_M6_R1_T1,G1,2,2,3,4,3,3,3,3,4,5,4,5,3,3,4,3,,,,,
P7_D0_G1_M6_R1_T1,G1,2,2,1,7,4,7,7,7,7,7,7,1,6,6,,,,,,,
P7_D6_G1_M6_R1_T1,G1,2,2,2,6,4,6,6,7,6,7,5,1,4,4,5,5,,,,,
P7_D5_G1_M6_R1_T1,G1,2,2,2,6,5,7,7,7,7,7,7,1,7,7,7,7,,,,,
P7_D1_G1_M6_R1_T1,G1,2,2,3,6,5,6,6,7,6,5,5,1,5,6,6,6,,,,,
P7_D5_G1_M5_R1_T1,G1,5,4,5,3,1,1,1,3,2,2,2,2,1,1,4,4,,,,,
P7_D1_G1_M1_R1_T2,G1,6,6,2,6,6,6,6,7,6,2,6,1,6,6,7,6,,,,,
W_P7_D6_G1_M6_R2_T1,G1,3,2,1,5,3,6,6,5,6,6,7,2,5,5,7,7,,,,,
P7_D0_G1_M6_R2_T1,G1,3,3,2,2,1,3,3,1,7,4,4,3,1,1,,,,,,,
P7_D6_G1_M6_R2_T1,G1,4,2,1,2,1,6,2,2,6,6,6,4,3,3,6,7,,,,,
P7_D5_G1_M6_R2_T1,G1,2,2,1,6,5,7,6,7,7,7,7,1,6,6,7,7,,,,,
P7_D1_G1_M6_R2_T1,G1,3,3,2,4,4,6,6,7,7,6,7,1,6,6,7,7,,,,,
P7_D5_G1_M5_R2_T1,G1,4,4,1,7,5,7,6,7,7,7,7,1,6,6,7,7,,,,,
P7_D1_G1_M1_R2_T1,G1,7,6,1,6,7,2,5,7,7,7,7,1,7,7,7,7,,,,,
W_P7_D6_G1_M6_R1_T1,P7,5,6,5,2,4,4,2,5,5,2,1,3,4,4,5,4,,,,,
P7_D6_G1_M6_R1_T1,P7,3,4,6,4,7,4,3,6,4,3,5,2,5,5,6,5,,,,,
P7_D5_G1_M6_R1_T1,P7,6,5,2,4,7,6,5,5,4,4,3,1,5,6,6,6,,,,,
P7_D1_G1_M6_R1_T1,P7,7,5,4,6,7,7,4,6,7,4,6,1,6,7,6,6,,,,,
P7_D5_G1_M5_R1_T1,P7,6,6,1,4,7,7,4,5,5,1,2,1,6,6,6,6,,,,,
P7_D1_G1_M1_R1_T2,P7,7,7,1,6,7,7,6,6,6,1,4,1,6,6,7,7,,,,,
W_P7_D6_G1_M6_R2_T1,P7,4,4,1,6,7,6,1,6,6,4,7,1,6,6,7,6,,,,,
P7_D6_G1_M6_R2_T1,P7,3,4,3,5,4,7,7,7,7,4,5,1,5,6,7,7,,,,,
P7_D5_G1_M6_R2_T1,P7,6,6,1,6,7,7,1,7,7,7,7,1,7,7,6,6,,,,,
P7_D1_G1_M6_R2_T1,P7,7,7,2,7,7,7,7,7,7,7,7,1,7,7,7,7,,,,,
P7_D5_G1_M5_R2_T1,P7,7,7,1,7,7,7,7,7,7,7,6,1,6,6,7,7,,,,,
P7_D1_G1_M1_R2_T1,P7,7,7,1,7,7,2,7,7,7,7,7,1,7,7,7,7,,,,,
W_P8_D6_G4_M6_R1_T1,P8,4,4,5,5,5,5,5,3,4,4,3,6,3,3,3,3,3,4,4,3,3
P8_D6_G4_M6_R1_T1,P8,3,3,3,5,5,3,4,3,4,6,5,1,4,3,4,4,4,4,4,3,3
P8_D5_G4_M6_R1_T1,P8,5,5,2,5,1,1,5,5,5,3,3,1,4,3,2,4,4,3,4,3,3
P8_D1_G4_M6_R1_T1,P8,7,5,6,5,1,1,7,5,5,5,4,1,5,5,6,4,5,4,4,5,5
P8_D5_G4_M5_R1_T1,P8,6,5,3,4,1,2,4,5,5,4,4,1,4,4,4,5,5,4,4,3,4
P8_D1_G4_M1_R1_T2,P8,7,7,7,6,1,1,1,6,6,7,6,1,6,6,6,5,6,5,5,5,5
P8_D6_G4_M6_R1_T2,P8,3,4,2,5,1,2,2,4,5,7,6,1,4,4,5,5,5,6,4,3,3
W_P8_D6_G4_M6_R2_T1,P8,4,3,5,4,2,3,3,4,5,6,6,1,3,3,5,6,4,6,4,4,4
P8_D6_G4_M6_R2_T1,P8,3,6,4,7,1,1,6,6,7,7,7,1,6,6,7,7,6,7,6,4,4
P8_D5_G4_M6_R2_T1,P8,6,4,6,6,1,2,6,7,6,7,4,2,4,4,5,5,4,4,4,5,5
P8_D1_G4_M6_R2_T1,P8,7,6,7,7,1,1,7,7,6,7,5,1,6,6,6,6,7,6,6,7,7
P8_D5_G4_M5_R2_T1,P8,5,4,7,5,6,6,6,6,5,5,5,2,4,4,4,4,5,4,4,6,4
P8_D1_G4_M1_R2_T1,P8,7,6,7,7,1,1,6,7,7,7,6,1,6,6,6,5,7,4,5,6,6
P8_D6_G4_M6_R2_T2,P8,5,5,3,4,1,1,3,4,5,5,5,1,5,5,5,5,5,4,4,3,3
W_P8_D6_G4_M6_R1_T1,G4,3,3,2,6,2,2,5,6,5,6,6,2,3,4,4,5,5,5,4,4,4
P8_D0_G4_M6_R1_T1,G4,4,5,3,6,1,2,6,5,4,6,6,5,2,4,,,3,5,5,4,4
P8_D6_G4_M6_R1_T1,G4,4,3,4,6,3,3,5,4,4,6,5,3,3,3,4,5,4,5,3,3,4
P8_D5_G4_M6_R1_T1,G4,4,4,3,5,1,3,5,6,4,3,4,2,5,5,4,4,4,3,4,5,6
P8_D1_G4_M6_R1_T1,G4,5,5,3,5,2,2,5,6,5,3,4,2,6,6,6,5,5,6,5,5,6
P8_D5_G4_M5_R1_T1,G4,5,5,3,5,2,4,6,6,4,3,3,2,5,6,6,4,3,5,4,5,5
P8_D1_G4_M1_R1_T1,G4,7,6,2,6,1,1,6,7,,2,2,1,6,6,7,6,6,6,6,6,6
P8_D6_G4_M6_R1_T2,G4,4,4,2,6,2,2,5,5,5,6,5,2,3,4,5,5,5,6,5,5,6
W_P8_D6_G4_M6_R2_T1,G4,4,3,2,5,1,2,6,4,6,5,4,1,4,5,5,4,5,5,3,4,3
P8_D0_G4_M6_R2_T1,G4,2,5,1,5,1,1,6,6,6,7,7,2,6,5,,,5,6,5,4,5
P8_D6_G4_M6_R2_T1,G4,5,5,2,6,2,2,6,6,5,6,5,2,6,6,6,6,6,6,5,5,5
P8_D5_G4_M6_R2_T1,G4,2,4,2,6,2,2,5,5,5,4,4,2,6,5,6,5,5,5,4,4,4
P8_D1_G4_M6_R2_T1,G4,3,5,2,5,1,2,6,6,6,6,5,2,6,5,6,5,5,5,5,4,5
P8_D5_G4_M5_R2_T1,G4,6,6,2,6,1,2,6,7,6,2,4,1,6,6,6,6,6,6,6,6,6
P8_D1_G4_M1_R2_T1,G4,7,5,4,5,1,2,6,7,5,2,2,1,6,6,5,5,5,4,6,7,7
P8_D6_G4_M6_R2_T2,G4,4,4,3,5,2,2,6,6,6,6,6,2,3,3,6,6,6,6,5,5,6
W_P9_D6_G4_M6_R1_T1,P9,1,1,1,6,1,1,7,6,6,6,6,1,4,4,6,6,6,6,2,4,4
P9_D6_G4_M6_R1_T1,P9,1,1,1,6,1,1,7,6,6,6,6,1,3,3,6,6,6,6,4,4,6
P9_D5_G4_M6_R1_T1,P9,4,5,4,6,2,2,5,6,5,5,5,2,6,6,6,6,4,6,5,5,5
P9_D1_G4_M6_R1_T1,P9,7,6,1,7,1,1,7,6,7,7,6,1,6,6,7,7,7,6,6,6,6
P9_D5_G4_M5_R1_T1,P9,5,5,1,6,1,1,6,6,6,6,6,1,7,7,7,7,7,7,5,5,5
P9_D1_G4_M1_R1_T2,P9,7,6,1,6,1,1,7,6,7,7,7,1,7,7,7,5,7,6,6,6,6
P9_D6_G4_M6_R1_T2,P9,2,6,1,7,1,1,7,5,7,7,7,1,6,6,6,7,7,6,6,6,6
W_P9_D6_G4_M6_R2_T1,P9,2,2,1,6,2,4,6,6,5,5,4,1,3,1,6,6,6,6,5,4,3
P9_D6_G4_M6_R2_T1,P9,3,6,1,6,1,3,5,6,5,5,5,1,3,3,6,6,6,6,6,4,1
P9_D5_G4_M6_R2_T1,P9,4,5,1,6,1,6,6,6,6,7,6,1,5,5,6,6,6,5,5,5,4
P9_D1_G4_M6_R2_T1,P9,7,5,1,7,1,1,7,7,7,7,6,1,7,6,7,7,7,7,6,7,6
P9_D5_G4_M5_R2_T1,P9,6,6,4,4,4,4,4,3,3,3,4,1,4,4,5,5,5,6,6,5,5
P9_D1_G4_M1_R2_T1,P9,7,7,1,7,1,1,7,7,7,7,6,1,7,7,7,7,6,6,6,6,6
P9_D6_G4_M6_R2_T2,P9,1,6,3,7,1,1,7,7,7,6,7,1,5,5,6,6,6,6,6,6,6
W_P9_D6_G4_M6_R1_T1,G4,4,5,5,6,2,2,6,6,6,5,6,1,5,6,6,5,5,5,5,5,4
P9_D0_G4_M6_R1_T1,G4,3,3,3,4,3,4,4,3,3,6,4,5,4,4,,,4,5,4,4,4
P9_D6_G4_M6_R1_T1,G4,3,4,4,6,1,2,6,7,6,7,7,1,6,6,7,7,6,7,6,5,4
P9_D5_G4_M6_R1_T1,G4,4,5,1,5,1,1,7,7,5,7,7,1,5,5,6,7,7,7,6,6,5
P9_D1_G4_M6_R1_T1,G4,4,6,4,6,2,2,5,6,6,6,6,2,6,5,6,6,5,5,5,4,4
P9_D5_G4_M5_R1_T1,G4,6,5,5,5,1,2,5,6,6,3,4,1,6,6,6,5,5,6,5,4,5
P9_D1_G4_M1_R1_T2,G4,7,6,6,5,1,2,6,7,6,2,2,1,7,7,6,5,4,5,5,6,6
P9_D6_G4_M6_R1_T2,G4,3,4,3,6,2,2,6,6,6,6,5,2,6,6,6,6,5,6,6,5,5
W_P9_D6_G4_M6_R2_T1,G4,5,4,3,5,1,2,6,6,6,6,6,2,5,5,6,6,5,6,5,4,4
P9_D0_G4_M6_R2_T1,G4,4,5,5,5,2,3,5,5,4,5,5,2,4,5,,,5,5,4,4,4
P9_D6_G4_M6_R2_T1,G4,4,5,4,6,2,2,5,6,5,6,6,2,5,5,6,5,5,6,6,5,5
P9_D5_G4_M6_R2_T1,G4,4,5,4,5,2,2,6,6,6,6,6,2,4,4,6,6,4,5,5,6,5
P9_D1_G4_M6_R2_T1,G4,5,5,5,5,2,2,6,6,5,4,4,2,4,5,5,5,4,5,5,4,5
P9_D5_G4_M5_R2_T1,G4,5,6,5,6,1,2,5,6,6,4,2,1,6,7,7,6,6,6,6,6,6
P9_D1_G4_M1_R2_T1,G4,6,6,6,5,1,1,6,7,6,3,3,1,7,7,7,6,6,6,6,7,7
P9_D6_G4_M6_R2_T2,G4,4,5,4,5,2,2,5,5,6,6,5,2,5,5,6,6,4,5,5,6,6
W_P11_D6_G6_M6_R1_T1,G6,4,5,5,4,4,2,3,5,5,3,4,4,4,5,4,5,4,5,5,5,5
P11_D0_G6_M6_R1_T1,G6,7,4,7,3,5,3,5,6,5,5,6,2,4,4,5,4,5,5,5,5,4
P11_D6_G6_M6_R1_T1,G6,5,5,7,4,4,2,5,5,5,4,6,6,5,5,5,5,5,5,5,4,4
P11_D5_G6_M6_R1_T1,G6,5,5,6,5,4,3,4,5,5,4,5,5,6,6,5,4,5,5,5,4,5
P11_D1_G6_M6_R1_T1,G6,4,5,6,6,2,2,4,5,5,5,5,2,5,6,6,6,5,6,4,5,5
P11_D5_G6_M5_R1_T1,G6,5,6,7,5,5,5,5,5,5,6,6,5,6,5,6,5,5,5,5,5,5
P11_D1_G6_M1_R1_T2,G6,5,6,5,4,4,5,3,4,4,4,6,3,4,5,4,4,5,4,5,5,5
P11_D6_G6_M6_R1_T2,G6,3,4,6,5,6,6,5,5,6,6,6,2,5,5,6,5,5,6,5,5,6
W_P11_D6_G6_M6_R2_T1,G6,2,4,7,3,2,4,2,6,5,3,2,2,4,4,5,4,4,5,4,4,4
P11_D0_G6_M6_R2_T1,G6,2,5,7,4,3,2,5,4,4,5,4,2,5,4,5,5,5,5,4,4,4
P11_D6_G6_M6_R2_T1,G6,3,5,7,5,3,2,5,5,5,4,5,2,5,5,5,4,5,4,4,4,4
P11_D5_G6_M6_R2_T1,G6,3,4,7,5,4,2,5,6,5,6,5,2,6,5,5,5,5,4,4,4,4
P11_D1_G6_M6_R2_T1,G6,2,5,7,6,3,2,5,5,5,5,5,2,5,5,5,5,5,5,4,4,5
P11_D5_G6_M5_R2_T1,G6,5,5,4,5,5,2,5,6,5,6,5,2,5,5,5,6,5,6,6,5,5
P11_D1_G6_M1_R2_T1,G6,7,6,6,5,5,2,6,6,5,5,6,2,6,5,5,5,5,6,5,6,6
P11_D6_G6_M6_R2_T2,G6,3,5,6,5,6,5,3,5,5,5,6,5,5,4,5,4,4,5,5,5,5
W_P11_D6_G6_M6_R1_T1,P11,7,4,7,4,7,4,1,7,4,1,1,4,1,1,1,4,4,4,5,1,4
P11_D6_G6_M6_R1_T1,P11,7,4,4,4,4,4,2,4,4,3,2,1,1,1,4,4,2,4,4,1,1
P11_D5_G6_M6_R1_T1,P11,7,5,5,4,1,3,4,5,5,4,4,1,4,4,5,5,4,5,4,3,4
P11_D1_G6_M6_R1_T1,P11,6,6,2,7,1,1,5,4,6,2,4,1,4,4,6,6,6,4,3,2,4
P11_D5_G6_M5_R1_T1,P11,7,6,1,4,1,1,6,5,4,2,1,1,6,4,6,6,6,6,6,3,2
P11_D1_G6_M1_R1_T2,P11,5,4,4,4,4,4,2,4,5,5,1,5,1,1,4,4,4,4,4,4,4
P11_D6_G6_M6_R1_T2,P11,5,4,4,4,4,4,4,6,4,4,1,1,1,1,1,4,6,4,4,5,2
W_P11_D6_G6_M6_R2_T1,P11,2,6,4,1,4,4,3,1,1,4,4,1,1,1,4,7,4,7,6,4,1
P11_D6_G6_M6_R2_T1,P11,3,4,4,3,1,4,1,7,1,4,4,1,1,1,4,4,5,6,4,3,4
P11_D5_G6_M6_R2_T1,P11,7,5,6,6,1,1,3,7,6,1,4,1,4,4,4,6,7,7,6,4,4
P11_D1_G6_M6_R2_T1,P11,7,6,5,4,1,1,4,7,4,4,1,1,3,3,4,5,6,5,5,3,4
P11_D5_G6_M5_R2_T1,P11,7,6,5,7,4,4,3,4,6,2,1,1,4,4,5,5,5,7,5,4,4
P11_D1_G6_M1_R2_T1,P11,4,6,4,4,4,1,7,7,6,4,4,1,5,5,5,6,7,6,5,4,4
P11_D6_G6_M6_R2_T2,P11,3,4,4,4,4,4,4,4,4,5,4,4,4,4,6,6,5,4,4,5,4
W_P10_D6_G5_M6_R1_T1,G5,3,4,4,5,3,3,5,5,5,5,5,3,5,5,5,5,5,5,5,4,4
P10_D0_G5_M6_R1_T1,G5,3,5,5,5,3,3,5,5,5,5,6,3,5,5,,,6,6,5,5,5
P10_D6_G5_M6_R1_T1,G5,3,5,5,5,3,3,5,5,5,5,4,3,5,5,4,3,4,5,4,5,5
P10_D5_G5_M6_R1_T1,G5,2,3,4,5,4,5,5,5,5,3,4,4,3,3,4,5,5,3,4,3,5
P10_D1_G5_M6_R1_T1,G5,3,3,4,5,3,5,4,5,5,3,4,3,3,3,4,4,4,3,5,5,5
P10_D5_G5_M5_R1_T1,G5,6,6,5,6,3,6,5,6,5,3,5,2,6,6,6,6,6,6,6,5,5
P10_D1_G5_M1_R1_T1,G5,7,7,7,7,3,3,5,5,5,2,5,2,6,6,6,6,6,6,6,6,6
P10_D6_G5_M6_R1_T2,G5,3,3,3,5,3,3,2,2,5,5,4,4,3,3,5,5,3,3,3,5,5
W_P10_D6_G5_M6_R2_T1,G5,2,4,3,5,4,4,3,4,4,3,3,4,4,3,3,5,4,5,4,4,5
P10_D0_G5_M6_R2_T1,G5,3,3,4,3,5,3,3,3,3,3,3,5,3,2,3,5,3,5,3,5,5
P10_D6_G5_M6_R2_T1,G5,3,3,5,3,5,3,3,4,4,4,3,4,3,4,4,5,4,4,4,5,5
P10_D5_G5_M6_R2_T1,G5,3,4,5,5,4,3,4,5,4,4,3,3,4,4,3,4,4,5,5,4,5
P10_D1_G5_M6_R2_T1,G5,5,5,5,5,3,4,4,5,4,3,3,3,4,5,4,5,4,3,4,5,5
P10_D5_G5_M5_R2_T1,G5,5,5,5,5,3,2,5,5,5,3,4,3,5,5,5,5,5,5,5,5,5
P10_D1_G5_M1_R2_T1,G5,7,6,6,4,3,5,4,5,4,3,4,3,4,5,3,4,4,3,5,5,5
P10_D6_G5_M6_R2_T2,G5,3,3,5,4,5,4,4,3,5,3,4,5,3,3,4,5,4,4,,5,5
W_P10_D6_G5_M6_R1_T1,P10,1,1,1,7,1,1,7,7,7,7,7,1,6,5,7,7,7,7,6,2,4
P10_D6_G5_M6_R1_T1,P10,2,7,1,7,1,1,7,7,7,7,7,1,5,3,6,7,7,7,6,4,5
P10_D5_G5_M6_R1_T1,P10,5,6,4,7,1,1,7,7,7,4,7,1,6,6,7,5,7,5,6,4,4
P10_D1_G5_M6_R1_T1,P10,7,6,4,4,1,1,6,7,6,1,5,1,6,6,6,5,7,5,5,5,5
P10_D5_G5_M5_R1_T1,P10,5,6,4,7,1,1,7,7,7,3,7,1,6,6,7,6,7,5,6,5,5
P10_D1_G5_M1_R1_T1,P10,7,6,4,7,1,1,7,7,7,1,7,1,6,6,7,6,7,5,6,6,6
P10_D6_G5_M6_R1_T2,P10,2,7,1,7,1,1,7,7,7,6,7,1,7,6,7,7,7,7,6,5,5
W_P10_D6_G5_M6_R2_T1,P10,2,4,2,7,2,1,7,7,7,7,7,1,6,3,7,7,7,7,7,3,5
P10_D6_G5_M6_R2_T1,P10,2,2,1,7,1,1,7,7,7,7,7,1,6,2,7,6,7,7,1,4,4
P10_D5_G5_M6_R2_T1,P10,4,5,4,7,1,1,7,7,7,6,6,1,6,5,7,6,7,6,6,4,5
P10_D1_G5_M6_R2_T1,P10,7,6,6,5,2,1,6,7,6,2,4,1,6,6,4,5,6,6,5,6,5
P10_D5_G5_M5_R2_T1,P10,5,6,5,5,1,1,6,7,6,1,5,1,5,6,7,6,7,5,6,5,5
P10_D1_G5_M1_R2_T1,P10,7,5,7,5,1,1,5,7,5,1,5,1,5,7,6,5,7,5,5,6,6
P10_D6_G5_M6_R2_T2,P10,2,4,1,7,1,1,5,6,7,7,6,1,4,4,7,6,6,6,5,6,6
W_P12_D_G7_M6_R1_T1,G7,5,4,6,2,3,3,3,4,4,3,3,2,3,3,4,4,3,5,5,4,4
P12_D0_G7_M6_R1_T1,G7,1,2,1,6,1,1,4,4,6,4,4,4,3,1,4,6,7,6,7,1,3
P12_D6_G7_M6_R1_T1,G7,5,5,4,3,1,3,3,3,6,2,1,3,2,3,5,7,7,6,7,3,1
P12_D5_G7_M6_R1_T1,G7,5,6,3,7,1,2,7,7,7,2,4,1,6,7,7,7,5,7,7,5,3
P12_D1_G7_M6_R1_T1,G7,3,5,1,5,2,4,5,4,5,2,3,4,3,3,4,4,4,5,6,4,5
P12_D5_G7_M5_R1_T1,G7,5,5,4,5,1,3,3,4,5,2,3,4,4,5,5,6,5,6,7,4,3
P12_D1_G7_M1_R1_T2,G7,6,7,3,7,6,6,2,7,7,1,6,2,7,7,7,7,7,6,5,5,3
P12_D6_G7_M6_R1_T2,G7,3,5,3,4,2,6,5,4,4,3,3,4,5,4,5,5,6,7,5,4,5
W_P12_D6_G7_M6_R2_T1,G7,3,6,1,5,1,2,5,5,7,4,5,1,6,4,6,6,5,6,7,3,4
P12_D0_G7_M6_R2_T1,G7,3,4,5,4,4,5,4,5,,4,4,2,4,4,,,5,6,6,4,2
P12_D6_G7_M6_R2_T1,G7,6,5,6,4,2,4,4,5,5,4,4,3,3,3,5,4,5,5,5,6,3
P12_D5_G7_M6_R2_T1,G7,6,6,5,6,2,1,7,6,6,6,4,2,6,5,6,6,6,7,7,3,2
P12_D1_G7_M6_R2_T1,G7,1,6,3,5,2,3,6,6,6,2,4,2,6,6,7,7,7,7,7,3,4
P12_D5_G7_M5_R2_T1,G7,7,7,7,5,1,4,4,6,7,1,6,1,7,7,7,7,6,6,6,6,5
P12_D1_G7_M1_R2_T1,G7,7,7,6,1,1,5,6,6,7,1,1,1,6,7,7,6,6,5,6,6,3
P12_D6_G7_M6_R2_T2,G7,5,7,2,7,2,1,7,5,5,4,5,3,7,7,7,7,6,7,7,6,2
W_P12_D6_G7_M6_R1_T1,P12,4,5,4,6,3,3,3,4,4,3,4,1,2,2,5,6,5,6,6,5,5
P12_D6_G7_M6_R1_T1,P12,4,4,4,6,3,3,2,5,5,4,4,1,4,4,6,7,6,7,6,4,4
P12_D5_G7_M6_R1_T1,P12,6,6,5,6,1,2,1,6,6,4,4,1,4,4,6,7,6,6,6,5,5
P12_D1_G7_M6_R1_T1,P12,7,6,4,6,4,1,7,6,6,4,4,1,5,5,6,7,6,7,7,4,5
P12_D5_G7_M5_R1_T1,P12,7,6,4,6,1,1,6,6,6,4,6,1,5,5,7,7,6,7,6,5,5
P12_D1_G7_M1_R1_T2,P12,7,6,5,5,2,1,6,6,5,4,4,1,6,6,6,7,5,7,5,5,5
P12_D6_G7_M6_R1_T2,P12,2,3,4,3,4,1,7,6,6,5,5,1,3,2,6,7,6,7,5,5,5
W_P12_D6_G7_M6_R2_T1,P12,4,5,4,4,3,2,4,3,5,6,5,1,2,2,6,6,4,6,6,4,4
P12_D6_G7_M6_R2_T1,P12,5,5,3,4,4,3,4,5,5,5,5,1,3,2,5,6,4,5,6,4,4
P12_D5_G7_M6_R2_T1,P12,6,6,3,6,1,1,6,6,6,5,6,1,5,4,6,7,6,6,6,5,4
P12_D1_G7_M6_R2_T1,P12,7,6,3,5,3,2,6,6,5,3,6,1,5,4,7,7,6,6,6,5,5
P12_D5_G7_M5_R2_T1,P12,7,6,5,6,3,3,3,6,6,2,5,1,5,5,6,6,5,6,6,5,6
P12_D1_G7_M1_R2_T1,P12,7,6,5,5,2,2,2,6,5,4,5,1,5,5,6,6,6,6,6,5,6
P12_D6_G7_M6_R2_T2,P12,4,5,4,6,4,2,5,6,4,4,5,1,4,4,6,6,6,6,6,6,6
W_P13_D6_G5_M6_R1_T1,G5,5,5,6,6,3,2,6,6,6,6,6,5,6,6,5,6,6,6,6,5,5
P13_D0_G5_M6_R1_T1,G5,3,3,6,3,4,6,2,3,3,5,3,6,3,3,,,3,4,4,6,5
P13_D6_G5_M6_R1_T1,G5,2,2,5,5,4,5,5,4,5,5,4,2,4,4,5,5,3,5,5,5,6
P13_D5_G5_M6_R1_T1,G5,4,4,5,5,3,3,5,4,4,4,3,4,3,3,4,5,3,5,5,5,5
P13_D1_G5_M6_R1_T1,G5,5,6,5,5,3,5,5,5,5,5,3,3,5,5,5,5,5,5,5,5,6
P13_D5_G5_M5_R1_T1,G5,6,6,6,6,2,6,6,6,6,3,5,2,6,6,6,6,6,6,7,6,6
P13_D1_G5_M1_R1_T2,G5,6,6,6,5,3,5,4,5,6,6,4,5,5,5,5,6,6,6,6,6,6
P13_D6_G5_M6_R1_T2,G5,4,4,5,4,5,3,5,5,4,5,3,3,3,3,3,5,5,5,5,5,5
W_P13_D6_G5_M6_R2_T1,G5,5,5,5,6,4,3,5,6,6,3,5,2,4,3,5,5,5,5,5,6,5
P13_D0_G5_M6_R2_T1,G5,5,4,5,4,2,5,3,4,5,6,3,5,4,4,7,4,5,6,6,6,6
P13_D6_G5_M6_R2_T1,G5,2,4,5,7,3,3,6,6,6,5,6,2,5,4,6,6,6,6,4,4,6
P13_D5_G5_M6_R2_T1,G5,2,4,4,6,3,3,6,6,6,5,5,2,4,4,6,6,6,6,6,6,6
P13_D1_G5_M6_R2_T1,G5,6,6,6,6,2,2,6,6,6,6,6,2,6,6,6,7,6,6,6,6,6
P13_D5_G5_M5_R2_T1,G5,6,6,6,6,2,2,6,6,6,4,6,2,6,6,7,7,6,7,7,6,6
P13_D1_G5_M1_R2_T1,G5,7,7,5,7,2,6,6,6,6,3,6,2,7,7,7,7,6,7,7,6,6
P13_D6_G5_M6_R2_T2,G5,4,4,5,6,3,6,6,6,5,6,5,3,5,5,6,6,6,6,6,6,6
W_P13_D6_G5_M6_R1_T1,P13,1,4,4,6,1,2,6,4,7,3,4,1,2,2,4,4,4,5,4,4,4
P13_D6_G5_M6_R1_T1,P13,4,1,3,3,3,6,2,4,4,2,3,5,2,2,4,4,4,4,3,2,2
P13_D5_G5_M6_R1_T1,P13,7,4,4,2,3,3,5,4,7,1,3,2,4,4,3,5,5,4,4,3,3
P13_D1_G5_M6_R1_T1,P13,7,5,7,4,1,1,7,7,7,1,4,1,5,6,6,5,7,7,5,6,6
P13_D5_G5_M5_R1_T1,P13,7,3,3,4,5,5,3,4,6,1,2,4,1,2,4,4,4,6,6,4,3
P13_D1_G5_M1_R1_T2,P13,7,2,3,4,4,6,2,2,4,1,1,4,2,2,3,6,6,4,3,3,3
P13_D6_G5_M6_R1_T2,P13,1,4,4,3,3,4,4,6,6,7,6,2,6,6,7,7,6,,5,4,4
W_P13_D6_G5_M6_R2_T1,P13,2,4,1,6,4,2,6,4,2,6,4,1,3,2,4,6,4,3,4,3,3
P13_D6_G5_M6_R2_T1,P13,1,4,1,6,1,2,6,7,7,7,7,1,4,4,6,6,4,4,4,4,2
P13_D5_G5_M6_R2_T1,P13,6,4,4,5,2,2,6,7,7,2,4,1,3,3,6,6,1,6,5,5,5
P13_D1_G5_M6_R2_T1,P13,7,7,6,4,4,1,7,7,7,7,7,1,5,5,5,7,7,7,7,6,4
P13_D5_G5_M5_R2_T1,P13,4,3,3,4,6,4,4,2,5,1,2,2,2,3,5,5,5,3,3,4,4
P13_D1_G5_M1_R2_T1,P13,5,5,6,3,1,1,7,7,6,6,4,1,6,6,6,7,7,7,7,6,6
P13_D6_G5_M6_R2_T2,P13,2,4,4,6,1,1,6,6,4,7,7,1,4,4,7,6,4,7,4,3,3